Region,Country Name,Mobile users per capita,Population,Year,Migration: Top 3 destinations,Migration: Top 3 sources
Asia,Afghanistan,0.0,"25,950,816",2000,"[('Afghanistan', 0.0), ('Albania', 0.0), ('Algeria', 8.0)]","[('Afghanistan', 1.0), ('Albania', 0.0), ('Albania', 0.0)]"
Europe,Albania,0.009698045741727477,"3,071,856",2000,"[('Afghanistan', 0.0), ('Albania', 0.0), ('Algeria', 3.0)]","[('Afghanistan', 1.0), ('Albania', 0.0), ('Albania', 0.0)]"
Africa,Algeria,0.0028165483481648076,"30,533,827",2000,"[('Afghanistan', 54.0), ('Albania', 0.0), ('Algeria', 0.0)]","[('Afghanistan', 1.0), ('Albania', 0.0), ('Albania', 0.0)]"
Oceania,American Samoa,0.03456832971800434,"57,625",2000,"[('Afghanistan', 0.0), ('Albania', 0.0), ('Algeria', 0.0)]","[('Afghanistan', 1.0), ('Albania', 0.0), ('Albania', 0.0)]"
Europe,Andorra,0.3642510133985209,"64,634",2000,"[('Afghanistan', 0.0), ('Albania', 0.0), ('Algeria', 0.0)]","[('Afghanistan', 1.0), ('Albania', 0.0), ('Albania', 0.0)]"
Africa,Angola,0.001853030936339275,"13,926,373",2000,"[('Afghanistan', 7.0), ('Albania', 0.0), ('Algeria', 0.0)]","[('Afghanistan', 1.0), ('Albania', 0.0), ('Albania', 0.0)]"
The Americas,Antigua and Barbuda,0.28330071082723807,"77,656",2000,"[('Afghanistan', 0.0), ('Albania', 0.0), ('Algeria', 0.0)]","[('Afghanistan', 1.0), ('Albania', 0.0), ('Albania', 0.0)]"
The Americas,Argentina,0.1756789992848499,"36,930,709",2000,"[('Afghanistan', 0.0), ('Albania', 0.0), ('Algeria', 0.0)]","[('Afghanistan', 1.0), ('Albania', 0.0), ('Albania', 0.0)]"
Asia,Armenia,0.005684474291781341,"3,076,098",2000,"[('Afghanistan', 0.0), ('Albania', 6.0), ('Algeria', 0.0)]","[('Afghanistan', 1.0), ('Albania', 0.0), ('Albania', 0.0)]"
The Americas,Aruba,0.16616632140997661,"90,271",2000,"[('Afghanistan', 0.0), ('Albania', 0.0), ('Algeria', 0.0)]","[('Afghanistan', 1.0), ('Albania', 0.0), ('Albania', 0.0)]"
Oceania,Australia,0.44703179658539133,"19,153,000",2000,"[('Afghanistan', 21.0), ('Albania', 2.0), ('Algeria', 1.0)]","[('Afghanistan', 1.0), ('Albania', 0.0), ('Albania', 0.0)]"
Europe,Austria,0.7635211393128385,"8,011,566",2000,"[('Afghanistan', 0.0), ('Albania', 5.0), ('Algeria', 23.0)]","[('Afghanistan', 1.0), ('Albania', 0.0), ('Albania', 0.0)]"
Asia,Azerbaijan,0.05223268642993813,"8,048,600",2000,"[('Afghanistan', 0.0), ('Albania', 0.0), ('Algeria', 0.0)]","[('Afghanistan', 1.0), ('Albania', 0.0), ('Albania', 0.0)]"
The Americas,"Bahamas, The",0.1059092695808178,"297,651",2000,"[('Afghanistan', 0.0), ('Albania', 0.0), ('Algeria', 0.0)]","[('Afghanistan', 1.0), ('Albania', 0.0), ('Albania', 0.0)]"
Middle East,Bahrain,0.32235859685079593,"638,193",2000,"[('Afghanistan', 0.0), ('Albania', 0.0), ('Algeria', 4.0)]","[('Afghanistan', 1.0), ('Albania', 0.0), ('Albania', 0.0)]"
Asia,Bangladesh,0.002152906104935653,"129,592,275",2000,"[('Afghanistan', 41817.0), ('Albania', 0.0), ('Algeria', 0.0)]","[('Afghanistan', 1.0), ('Albania', 0.0), ('Albania', 0.0)]"
The Americas,Barbados,0.10641431567300036,"267,511",2000,"[('Afghanistan', 0.0), ('Albania', 0.0), ('Algeria', 0.0)]","[('Afghanistan', 1.0), ('Albania', 0.0), ('Albania', 0.0)]"
Europe,Belarus,0.004932833583208396,"10,005,000",2000,"[('Afghanistan', 0.0), ('Albania', 9.0), ('Algeria', 6.0)]","[('Afghanistan', 1.0), ('Albania', 0.0), ('Albania', 0.0)]"
Europe,Belgium,0.549103767833191,"10,251,250",2000,"[('Afghanistan', 0.0), ('Albania', 1.0), ('Algeria', 29.0)]","[('Afghanistan', 1.0), ('Albania', 0.0), ('Albania', 0.0)]"
The Americas,Belize,0.06730184147317854,"249,800",2000,"[('Afghanistan', 0.0), ('Albania', 0.0), ('Algeria', 0.0)]","[('Afghanistan', 1.0), ('Albania', 0.0), ('Albania', 0.0)]"
Africa,Benin,0.008511447863622904,"6,517,810",2000,"[('Afghanistan', 3.0), ('Albania', 0.0), ('Algeria', 0.0)]","[('Afghanistan', 1.0), ('Albania', 0.0), ('Albania', 0.0)]"
The Americas,Bermuda,0.20933977455716588,"62,100",2000,"[('Afghanistan', 0.0), ('Albania', 0.0), ('Algeria', 0.0)]","[('Afghanistan', 1.0), ('Albania', 0.0), ('Albania', 0.0)]"
Asia,Bhutan,0.0,"571,262",2000,"[('Afghanistan', 115.0), ('Albania', 0.0), ('Algeria', 0.0)]","[('Afghanistan', 1.0), ('Albania', 0.0), ('Albania', 0.0)]"
The Americas,Bolivia,0.07013393605198737,"8,307,248",2000,"[('Afghanistan', 0.0), ('Albania', 0.0), ('Algeria', 0.0)]","[('Afghanistan', 1.0), ('Albania', 0.0), ('Albania', 0.0)]"
Europe,Bosnia and Herzegovina,0.02528252174379172,"3,693,698",2000,"[('Afghanistan', 2.0), ('Albania', 56.0), ('Algeria', 0.0)]","[('Afghanistan', 1.0), ('Albania', 0.0), ('Albania', 0.0)]"
Africa,Botswana,0.1263933330489071,"1,757,925",2000,"[('Afghanistan', 2.0), ('Albania', 0.0), ('Algeria', 0.0)]","[('Afghanistan', 1.0), ('Albania', 0.0), ('Albania', 0.0)]"
The Americas,Brazil,0.13294034428600696,"174,425,387",2000,"[('Afghanistan', 0.0), ('Albania', 0.0), ('Algeria', 0.0)]","[('Afghanistan', 1.0), ('Albania', 0.0), ('Albania', 0.0)]"
Asia,Brunei Darussalam,0.2904878973568659,"327,036",2000,"[('Afghanistan', 335.0), ('Albania', 0.0), ('Algeria', 0.0)]","[('Afghanistan', 1.0), ('Albania', 0.0), ('Albania', 0.0)]"
Europe,Bulgaria,0.09032857570195585,"8,170,172",2000,"[('Afghanistan', 2.0), ('Albania', 11.0), ('Algeria', 14.0)]","[('Afghanistan', 1.0), ('Albania', 0.0), ('Albania', 0.0)]"
Africa,Burkina Faso,0.002053438698449294,"12,294,012",2000,"[('Afghanistan', 34.0), ('Albania', 0.0), ('Algeria', 0.0)]","[('Afghanistan', 1.0), ('Albania', 0.0), ('Albania', 0.0)]"
Africa,Burundi,0.0025602622511764735,"6,374,347",2000,"[('Afghanistan', 6.0), ('Albania', 0.0), ('Algeria', 0.0)]","[('Afghanistan', 1.0), ('Albania', 0.0), ('Albania', 0.0)]"
Asia,Cambodia,0.010488273069970801,"12,446,949",2000,"[('Afghanistan', 1.0), ('Albania', 0.0), ('Algeria', 0.0)]","[('Afghanistan', 1.0), ('Albania', 0.0), ('Albania', 0.0)]"
Africa,Cameroon,0.006587398136873401,"15,678,269",2000,"[('Afghanistan', 1.0), ('Albania', 0.0), ('Algeria', 0.0)]","[('Afghanistan', 1.0), ('Albania', 0.0), ('Albania', 0.0)]"
The Americas,Canada,0.2836231747465851,"30,769,700",2000,"[('Afghanistan', 69.0), ('Albania', 2.0), ('Algeria', 1.0)]","[('Afghanistan', 1.0), ('Albania', 0.0), ('Albania', 0.0)]"
Africa,Cape Verde,0.0451218787022171,"437,238",2000,"[('Afghanistan', 2.0), ('Albania', 0.0), ('Algeria', 0.0)]","[('Afghanistan', 1.0), ('Albania', 0.0), ('Albania', 0.0)]"
The Americas,Cayman Islands,0.2662022639631795,"40,195",2000,"[('Afghanistan', 0.0), ('Albania', 0.0), ('Algeria', 0.0)]","[('Afghanistan', 1.0), ('Albania', 0.0), ('Albania', 0.0)]"
Africa,Central African Republic,0.0013418496344965848,"3,701,607",2000,"[('Afghanistan', 0.0), ('Albania', 0.0), ('Algeria', 0.0)]","[('Afghanistan', 1.0), ('Albania', 0.0), ('Albania', 0.0)]"
Africa,Chad,0.0006689103948310497,"8,222,327",2000,"[('Afghanistan', 2.0), ('Albania', 0.0), ('Algeria', 1.0)]","[('Afghanistan', 1.0), ('Albania', 0.0), ('Albania', 0.0)]"
NA,Channel Islands,0.0,"145,330",2000,"[('Afghanistan', 0.0), ('Albania', 0.0), ('Algeria', 0.0)]","[('Afghanistan', 1.0), ('Albania', 0.0), ('Albania', 0.0)]"
The Americas,Chile,0.2205943389741255,"15,419,820",2000,"[('Afghanistan', 0.0), ('Albania', 0.0), ('Algeria', 0.0)]","[('Afghanistan', 1.0), ('Albania', 0.0), ('Albania', 0.0)]"
Asia,China,0.06752491793021792,"1,262,645,000",2000,"[('Afghanistan', 23.0), ('Albania', 22.0), ('Algeria', 0.0)]","[('Afghanistan', 1.0), ('Albania', 0.0), ('Albania', 0.0)]"
The Americas,Colombia,0.05675464185518187,"39,764,166",2000,"[('Afghanistan', 0.0), ('Albania', 0.0), ('Algeria', 0.0)]","[('Afghanistan', 1.0), ('Albania', 0.0), ('Albania', 0.0)]"
Africa,Comoros,0.0,"562,469",2000,"[('Afghanistan', 0.0), ('Albania', 0.0), ('Algeria', 0.0)]","[('Afghanistan', 1.0), ('Albania', 0.0), ('Albania', 0.0)]"
Africa,"Congo, Dem. Rep.",0.0003022596934683695,"49,626,200",2000,"[('Afghanistan', 8.0), ('Albania', 0.0), ('Algeria', 0.0)]","[('Afghanistan', 1.0), ('Albania', 0.0), ('Albania', 0.0)]"
Africa,"Congo, Rep.",0.02232304442955533,"3,135,773",2000,"[('Afghanistan', 1.0), ('Albania', 0.0), ('Algeria', 0.0)]","[('Afghanistan', 1.0), ('Albania', 0.0), ('Albania', 0.0)]"
The Americas,Costa Rica,0.05399445802438265,"3,919,180",2000,"[('Afghanistan', 0.0), ('Albania', 0.0), ('Algeria', 0.0)]","[('Afghanistan', 1.0), ('Albania', 0.0), ('Albania', 0.0)]"
Africa,Cote d'Ivoire,0.028522608692872778,"16,581,653",2000,"[('Afghanistan', 8.0), ('Albania', 0.0), ('Algeria', 0.0)]","[('Afghanistan', 1.0), ('Albania', 0.0), ('Albania', 0.0)]"
Europe,Croatia,0.23339358337098962,"4,426,000",2000,"[('Afghanistan', 0.0), ('Albania', 13.0), ('Algeria', 5.0)]","[('Afghanistan', 1.0), ('Albania', 0.0), ('Albania', 0.0)]"
The Americas,Cuba,0.0005886001232133857,"11,104,313",2000,"[('Afghanistan', 0.0), ('Albania', 0.0), ('Algeria', 0.0)]","[('Afghanistan', 1.0), ('Albania', 0.0), ('Albania', 0.0)]"
The Americas,Curacao,0.0,"133,860",2000,unknown,unknown
Europe,Cyprus,0.23144851976160136,"943,294",2000,"[('Afghanistan', 0.0), ('Albania', 0.0), ('Algeria', 6.0)]","[('Afghanistan', 1.0), ('Albania', 0.0), ('Albania', 0.0)]"
Europe,Czech Republic,0.4230795140572891,"10,272,322",2000,"[('Afghanistan', 5.0), ('Albania', 1.0), ('Algeria', 14.0)]","[('Afghanistan', 1.0), ('Albania', 0.0), ('Albania', 0.0)]"
Europe,Denmark,0.6299239495873861,"5,339,616",2000,"[('Afghanistan', 3.0), ('Albania', 0.0), ('Algeria', 5.0)]","[('Afghanistan', 1.0), ('Albania', 0.0), ('Albania', 0.0)]"
Africa,Djibouti,0.00031423770032653394,"731,930",2000,"[('Afghanistan', 0.0), ('Albania', 0.0), ('Algeria', 0.0)]","[('Afghanistan', 1.0), ('Albania', 0.0), ('Albania', 0.0)]"
The Americas,Dominica,0.01722356183258698,"69,672",2000,"[('Afghanistan', 0.0), ('Albania', 0.0), ('Algeria', 0.0)]","[('Afghanistan', 1.0), ('Albania', 0.0), ('Albania', 0.0)]"
The Americas,Dominican Republic,0.08210355090982077,"8,591,967",2000,"[('Afghanistan', 0.0), ('Albania', 0.0), ('Algeria', 0.0)]","[('Afghanistan', 1.0), ('Albania', 0.0), ('Albania', 0.0)]"
The Americas,Ecuador,0.039061328601817914,"12,345,023",2000,"[('Afghanistan', 0.0), ('Albania', 0.0), ('Algeria', 0.0)]","[('Afghanistan', 1.0), ('Albania', 0.0), ('Albania', 0.0)]"
Africa,"Egypt, Arab Rep.",0.0201024653658203,"67,648,419",2000,"[('Afghanistan', 9.0), ('Albania', 3.0), ('Algeria', 169.0)]","[('Afghanistan', 1.0), ('Albania', 0.0), ('Albania', 0.0)]"
The Americas,El Salvador,0.1251834712190704,"5,940,305",2000,"[('Afghanistan', 0.0), ('Albania', 0.0), ('Algeria', 0.0)]","[('Afghanistan', 1.0), ('Albania', 0.0), ('Albania', 0.0)]"
Africa,Equatorial Guinea,0.009608363119259004,"520,380",2000,"[('Afghanistan', 0.0), ('Albania', 0.0), ('Algeria', 0.0)]","[('Afghanistan', 1.0), ('Albania', 0.0), ('Albania', 0.0)]"
Africa,Eritrea,0.0,"3,667,576",2000,"[('Afghanistan', 0.0), ('Albania', 0.0), ('Algeria', 1.0)]","[('Afghanistan', 1.0), ('Albania', 0.0), ('Albania', 0.0)]"
Europe,Estonia,0.40671332552034845,"1,369,515",2000,"[('Afghanistan', 0.0), ('Albania', 4.0), ('Algeria', 0.0)]","[('Afghanistan', 1.0), ('Albania', 0.0), ('Albania', 0.0)]"
Africa,Ethiopia,0.00027077721019324544,"65,577,897",2000,"[('Afghanistan', 3.0), ('Albania', 0.0), ('Algeria', 1.0)]","[('Afghanistan', 1.0), ('Albania', 0.0), ('Albania', 0.0)]"
Europe,Faeroe Islands,0.3710075858601316,"45,743",2000,"[('Afghanistan', 0.0), ('Albania', 0.0), ('Algeria', 0.0)]","[('Afghanistan', 1.0), ('Albania', 0.0), ('Albania', 0.0)]"
Oceania,Fiji,0.06782774313246719,"811,718",2000,"[('Afghanistan', 11.0), ('Albania', 0.0), ('Algeria', 0.0)]","[('Afghanistan', 1.0), ('Albania', 0.0), ('Albania', 0.0)]"
Europe,Finland,0.7203389584925957,"5,176,209",2000,"[('Afghanistan', 0.0), ('Albania', 2.0), ('Algeria', 4.0)]","[('Afghanistan', 1.0), ('Albania', 0.0), ('Albania', 0.0)]"
Europe,France,0.47696470593566126,"60,910,922",2000,"[('Afghanistan', 31.0), ('Albania', 5.0), ('Algeria', 28772.0)]","[('Afghanistan', 1.0), ('Albania', 0.0), ('Albania', 0.0)]"
Oceania,French Polynesia,0.16790243984547926,"237,638",2000,"[('Afghanistan', 0.0), ('Albania', 0.0), ('Algeria', 0.0)]","[('Afghanistan', 1.0), ('Albania', 0.0), ('Albania', 0.0)]"
Africa,Gabon,0.09714443920943855,"1,235,274",2000,"[('Afghanistan', 0.0), ('Albania', 0.0), ('Algeria', 0.0)]","[('Afghanistan', 1.0), ('Albania', 0.0), ('Albania', 0.0)]"
Africa,"Gambia, The",0.004317376515322061,"1,297,084",2000,"[('Afghanistan', 0.0), ('Albania', 0.0), ('Algeria', 0.0)]","[('Afghanistan', 1.0), ('Albania', 0.0), ('Albania', 0.0)]"
Asia,Georgia,0.04407600208224883,"4,418,300",2000,"[('Afghanistan', 0.0), ('Albania', 3.0), ('Algeria', 0.0)]","[('Afghanistan', 1.0), ('Albania', 0.0), ('Albania', 0.0)]"
Europe,Germany,0.5863169423920553,"82,211,508",2000,"[('Afghanistan', 45.0), ('Albania', 53.0), ('Algeria', 290.0)]","[('Afghanistan', 1.0), ('Albania', 0.0), ('Albania', 0.0)]"
Africa,Ghana,0.006785373084643284,"19,165,490",2000,"[('Afghanistan', 6.0), ('Albania', 0.0), ('Algeria', 0.0)]","[('Afghanistan', 1.0), ('Albania', 0.0), ('Albania', 0.0)]"
Europe,Greece,0.5433856451515102,"10,917,482",2000,"[('Afghanistan', 3.0), ('Albania', 67508.0), ('Algeria', 941.0)]","[('Afghanistan', 1.0), ('Albania', 0.0), ('Albania', 0.0)]"
The Americas,Greenland,0.268932384341637,"56,200",2000,"[('Afghanistan', 0.0), ('Albania', 0.0), ('Algeria', 0.0)]","[('Afghanistan', 1.0), ('Albania', 0.0), ('Albania', 0.0)]"
The Americas,Grenada,0.04235535154941786,"101,522",2000,"[('Afghanistan', 0.0), ('Albania', 0.0), ('Algeria', 0.0)]","[('Afghanistan', 1.0), ('Albania', 0.0), ('Albania', 0.0)]"
Oceania,Guam,0.17531760201615243,"155,147",2000,"[('Afghanistan', 2.0), ('Albania', 0.0), ('Algeria', 0.0)]","[('Afghanistan', 1.0), ('Albania', 0.0), ('Albania', 0.0)]"
The Americas,Guatemala,0.07625018232015535,"11,237,101",2000,"[('Afghanistan', 0.0), ('Albania', 0.0), ('Algeria', 0.0)]","[('Afghanistan', 1.0), ('Albania', 0.0), ('Albania', 0.0)]"
Africa,Guinea,0.005046685919300482,"8,344,486",2000,"[('Afghanistan', 7.0), ('Albania', 0.0), ('Algeria', 0.0)]","[('Afghanistan', 1.0), ('Albania', 0.0), ('Albania', 0.0)]"
Africa,Guinea-Bissau,0.0,"1,240,655",2000,"[('Afghanistan', 0.0), ('Albania', 0.0), ('Algeria', 0.0)]","[('Afghanistan', 1.0), ('Albania', 0.0), ('Albania', 0.0)]"
The Americas,Guyana,0.054330849364548676,"733,101",2000,"[('Afghanistan', 0.0), ('Albania', 0.0), ('Algeria', 0.0)]","[('Afghanistan', 1.0), ('Albania', 0.0), ('Albania', 0.0)]"
The Americas,Haiti,0.006361785977721488,"8,645,371",2000,"[('Afghanistan', 0.0), ('Albania', 0.0), ('Algeria', 0.0)]","[('Afghanistan', 1.0), ('Albania', 0.0), ('Albania', 0.0)]"
The Americas,Honduras,0.024970606213969394,"6,218,151",2000,"[('Afghanistan', 0.0), ('Albania', 0.0), ('Algeria', 0.0)]","[('Afghanistan', 1.0), ('Albania', 0.0), ('Albania', 0.0)]"
Asia,"Hong Kong SAR, China",0.8173062265566392,"6,665,000",2000,"[('Afghanistan', 3.0), ('Albania', 0.0), ('Algeria', 0.0)]","[('Afghanistan', 1.0), ('Albania', 0.0), ('Albania', 0.0)]"
Europe,Hungary,0.3012719358423406,"10,210,971",2000,"[('Afghanistan', 2.0), ('Albania', 599.0), ('Algeria', 5.0)]","[('Afghanistan', 1.0), ('Albania', 0.0), ('Albania', 0.0)]"
Europe,Iceland,0.7641969381767749,"281,205",2000,"[('Afghanistan', 0.0), ('Albania', 0.0), ('Algeria', 0.0)]","[('Afghanistan', 1.0), ('Albania', 0.0), ('Albania', 0.0)]"
Asia,India,0.003394156395424667,"1,053,898,107",2000,"[('Afghanistan', 6904.0), ('Albania', 3.0), ('Algeria', 2.0)]","[('Afghanistan', 1.0), ('Albania', 0.0), ('Albania', 0.0)]"
Asia,Indonesia,0.017194966765241265,"213,395,411",2000,"[('Afghanistan', 11.0), ('Albania', 0.0), ('Algeria', 3.0)]","[('Afghanistan', 1.0), ('Albania', 0.0), ('Albania', 0.0)]"
Middle East,"Iran, Islamic Rep.",0.014731570821660003,"65,342,319",2000,"[('Afghanistan', 23.0), ('Albania', 2.0), ('Algeria', 0.0)]","[('Afghanistan', 1.0), ('Albania', 0.0), ('Albania', 0.0)]"
Middle East,Iraq,0.0,"24,313,641",2000,"[('Afghanistan', 7.0), ('Albania', 2.0), ('Algeria', 58.0)]","[('Afghanistan', 1.0), ('Albania', 0.0), ('Albania', 0.0)]"
Europe,Ireland,0.6467509764336664,"3,805,174",2000,"[('Afghanistan', 76.0), ('Albania', 0.0), ('Algeria', 2.0)]","[('Afghanistan', 1.0), ('Albania', 0.0), ('Albania', 0.0)]"
Europe,Isle of Man,0.0,"76,803",2000,"[('Afghanistan', 0.0), ('Albania', 0.0), ('Algeria', 0.0)]","[('Afghanistan', 1.0), ('Albania', 0.0), ('Albania', 0.0)]"
Middle East,Israel,0.6996342820798219,"6,289,000",2000,"[('Afghanistan', 1.0), ('Albania', 4.0), ('Algeria', 1.0)]","[('Afghanistan', 1.0), ('Albania', 0.0), ('Albania', 0.0)]"
Europe,Italy,0.7419114164161257,"56,942,108",2000,"[('Afghanistan', 0.0), ('Albania', 61.0), ('Algeria', 2285.0)]","[('Afghanistan', 1.0), ('Albania', 0.0), ('Albania', 0.0)]"
The Americas,Jamaica,0.14171374019121885,"2,589,389",2000,"[('Afghanistan', 0.0), ('Albania', 0.0), ('Algeria', 0.0)]","[('Afghanistan', 1.0), ('Albania', 0.0), ('Albania', 0.0)]"
Asia,Japan,0.5264000472925041,"126,870,000",2000,"[('Afghanistan', 11.0), ('Albania', 2.0), ('Algeria', 3.0)]","[('Afghanistan', 1.0), ('Albania', 0.0), ('Albania', 0.0)]"
Middle East,Jordan,0.08107326732673267,"4,797,500",2000,"[('Afghanistan', 0.0), ('Albania', 2.0), ('Algeria', 24.0)]","[('Afghanistan', 1.0), ('Albania', 0.0), ('Albania', 0.0)]"
Asia,Kazakhstan,0.013256178299562217,"14,883,626",2000,"[('Afghanistan', 29.0), ('Albania', 5.0), ('Algeria', 0.0)]","[('Afghanistan', 1.0), ('Albania', 0.0), ('Albania', 0.0)]"
Africa,Kenya,0.00407644521843989,"31,253,701",2000,"[('Afghanistan', 76.0), ('Albania', 0.0), ('Algeria', 0.0)]","[('Afghanistan', 1.0), ('Albania', 0.0), ('Albania', 0.0)]"
Oceania,Kiribati,0.0035710034519700036,"84,010",2000,"[('Afghanistan', 0.0), ('Albania', 0.0), ('Algeria', 0.0)]","[('Afghanistan', 1.0), ('Albania', 0.0), ('Albania', 0.0)]"
Asia,"Korea, Dem. Rep.",0.0,"22,894,095",2000,"[('Afghanistan', 4.0), ('Albania', 0.0), ('Algeria', 0.0)]","[('Afghanistan', 1.0), ('Albania', 0.0), ('Albania', 0.0)]"
Asia,"Korea, Rep.",0.5704645592239619,"47,008,000",2000,"[('Afghanistan', 0.0), ('Albania', 0.0), ('Algeria', 0.0)]","[('Afghanistan', 1.0), ('Albania', 0.0), ('Albania', 0.0)]"
Europe,Kosovo,0.0,"1,700,000",2000,"[('Afghanistan', 0.0), ('Albania', 0.0), ('Algeria', 0.0)]","[('Afghanistan', 1.0), ('Albania', 0.0), ('Albania', 0.0)]"
Middle East,Kuwait,0.2452614559255889,"1,940,786",2000,"[('Afghanistan', 80.0), ('Albania', 0.0), ('Algeria', 10.0)]","[('Afghanistan', 1.0), ('Albania', 0.0), ('Albania', 0.0)]"
Asia,Kyrgyz Republic,0.0018373346398824107,"4,898,400",2000,"[('Afghanistan', 0.0), ('Albania', 0.0), ('Algeria', 0.0)]","[('Afghanistan', 1.0), ('Albania', 0.0), ('Albania', 0.0)]"
Asia,Lao PDR,0.002384964623306865,"5,317,060",2000,"[('Afghanistan', 1.0), ('Albania', 0.0), ('Algeria', 0.0)]","[('Afghanistan', 1.0), ('Albania', 0.0), ('Albania', 0.0)]"
Europe,Latvia,0.16910009966350398,"2,372,985",2000,"[('Afghanistan', 0.0), ('Albania', 4.0), ('Algeria', 0.0)]","[('Afghanistan', 1.0), ('Albania', 0.0), ('Albania', 0.0)]"
Middle East,Lebanon,0.19853946566429623,"3,742,329",2000,"[('Afghanistan', 3.0), ('Albania', 10.0), ('Algeria', 36.0)]","[('Afghanistan', 1.0), ('Albania', 0.0), ('Albania', 0.0)]"
Africa,Lesotho,0.01099864655543776,"1,963,878",2000,"[('Afghanistan', 7.0), ('Albania', 0.0), ('Algeria', 0.0)]","[('Afghanistan', 1.0), ('Albania', 0.0), ('Albania', 0.0)]"
Africa,Liberia,0.0005268167274847311,"2,847,290",2000,"[('Afghanistan', 2.0), ('Albania', 0.0), ('Algeria', 0.0)]","[('Afghanistan', 1.0), ('Albania', 0.0), ('Albania', 0.0)]"
Africa,Libya,0.007646445196302408,"5,231,189",2000,"[('Afghanistan', 1.0), ('Albania', 2.0), ('Algeria', 35.0)]","[('Afghanistan', 1.0), ('Albania', 0.0), ('Albania', 0.0)]"
Europe,Liechtenstein,0.3043862052171796,"32,853",2000,"[('Afghanistan', 0.0), ('Albania', 0.0), ('Algeria', 0.0)]","[('Afghanistan', 1.0), ('Albania', 0.0), ('Albania', 0.0)]"
Europe,Lithuania,0.14973413618262535,"3,499,536",2000,"[('Afghanistan', 0.0), ('Albania', 15.0), ('Algeria', 0.0)]","[('Afghanistan', 1.0), ('Albania', 0.0), ('Albania', 0.0)]"
Europe,Luxembourg,0.6951042860417144,"436,300",2000,"[('Afghanistan', 0.0), ('Albania', 0.0), ('Algeria', 0.0)]","[('Afghanistan', 1.0), ('Albania', 0.0), ('Albania', 0.0)]"
Asia,"Macao SAR, China",0.3266098127432751,"431,867",2000,"[('Afghanistan', 4.0), ('Albania', 0.0), ('Algeria', 0.0)]","[('Afghanistan', 1.0), ('Albania', 0.0), ('Albania', 0.0)]"
Europe,"Macedonia, FYR",0.05761212408994914,"2,009,091",2000,"[('Afghanistan', 0.0), ('Albania', 5396.0), ('Algeria', 0.0)]","[('Afghanistan', 1.0), ('Albania', 0.0), ('Albania', 0.0)]"
Africa,Madagascar,0.004106540160184615,"15,364,272",2000,"[('Afghanistan', 2.0), ('Albania', 0.0), ('Algeria', 0.0)]","[('Afghanistan', 1.0), ('Albania', 0.0), ('Albania', 0.0)]"
Africa,Malawi,0.004363795953888391,"11,228,756",2000,"[('Afghanistan', 5.0), ('Albania', 0.0), ('Algeria', 0.0)]","[('Afghanistan', 1.0), ('Albania', 0.0), ('Albania', 0.0)]"
Asia,Malaysia,0.21873875315936525,"23,414,909",2000,"[('Afghanistan', 166.0), ('Albania', 0.0), ('Algeria', 5.0)]","[('Afghanistan', 1.0), ('Albania', 0.0), ('Albania', 0.0)]"
Asia,Maldives,0.02795385673922909,"273,236",2000,"[('Afghanistan', 3.0), ('Albania', 0.0), ('Algeria', 0.0)]","[('Afghanistan', 1.0), ('Albania', 0.0), ('Albania', 0.0)]"
Africa,Mali,0.0009205579229068595,"11,295,324",2000,"[('Afghanistan', 14.0), ('Albania', 0.0), ('Algeria', 0.0)]","[('Afghanistan', 1.0), ('Albania', 0.0), ('Albania', 0.0)]"
Europe,Malta,0.3000920382942236,"381,363",2000,"[('Afghanistan', 0.0), ('Albania', 0.0), ('Algeria', 1.0)]","[('Afghanistan', 1.0), ('Albania', 0.0), ('Albania', 0.0)]"
Oceania,Marshall Islands,0.008572250455460735,"52,145",2000,"[('Afghanistan', 0.0), ('Albania', 0.0), ('Algeria', 0.0)]","[('Afghanistan', 1.0), ('Albania', 0.0), ('Albania', 0.0)]"
Africa,Mauritania,0.005789439230375409,"2,642,743",2000,"[('Afghanistan', 0.0), ('Albania', 0.0), ('Algeria', 1.0)]","[('Afghanistan', 1.0), ('Albania', 0.0), ('Albania', 0.0)]"
Africa,Mauritius,0.15165902333274073,"1,186,873",2000,"[('Afghanistan', 14.0), ('Albania', 0.0), ('Algeria', 0.0)]","[('Afghanistan', 1.0), ('Albania', 0.0), ('Albania', 0.0)]"
The Americas,Mexico,0.14083570607539683,"99,959,594",2000,"[('Afghanistan', 6.0), ('Albania', 0.0), ('Algeria', 0.0)]","[('Afghanistan', 1.0), ('Albania', 0.0), ('Albania', 0.0)]"
Oceania,"Micronesia, Fed. Sts.",0.0,"107,103",2000,"[('Afghanistan', 0.0), ('Albania', 0.0), ('Algeria', 0.0)]","[('Afghanistan', 1.0), ('Albania', 0.0), ('Albania', 0.0)]"
Europe,Moldova,0.038191135919779934,"3,639,588",2000,"[('Afghanistan', 0.0), ('Albania', 8.0), ('Algeria', 1.0)]","[('Afghanistan', 1.0), ('Albania', 0.0), ('Albania', 0.0)]"
Europe,Monaco,0.0,"35,126",2000,"[('Afghanistan', 0.0), ('Albania', 0.0), ('Algeria', 2.0)]","[('Afghanistan', 1.0), ('Albania', 0.0), ('Albania', 0.0)]"
Asia,Mongolia,0.06411295824073379,"2,411,369",2000,"[('Afghanistan', 0.0), ('Albania', 2.0), ('Algeria', 0.0)]","[('Afghanistan', 1.0), ('Albania', 0.0), ('Albania', 0.0)]"
Europe,Montenegro,0.0,"632,606",2000,"[('Afghanistan', 0.0), ('Albania', 0.0), ('Algeria', 0.0)]","[('Afghanistan', 1.0), ('Albania', 0.0), ('Albania', 0.0)]"
Africa,Morocco,0.08133854770613487,"28,793,236",2000,"[('Afghanistan', 34.0), ('Albania', 0.0), ('Algeria', 41770.0)]","[('Afghanistan', 1.0), ('Albania', 0.0), ('Albania', 0.0)]"
Africa,Mozambique,0.002805668103391438,"18,200,656",2000,"[('Afghanistan', 7.0), ('Albania', 0.0), ('Algeria', 0.0)]","[('Afghanistan', 1.0), ('Albania', 0.0), ('Albania', 0.0)]"
Asia,Myanmar,0.00029799148799114543,"44,957,660",2000,"[('Afghanistan', 673.0), ('Albania', 0.0), ('Algeria', 0.0)]","[('Afghanistan', 1.0), ('Albania', 0.0), ('Albania', 0.0)]"
Africa,Namibia,0.04325261797019684,"1,895,839",2000,"[('Afghanistan', 2.0), ('Albania', 0.0), ('Algeria', 0.0)]","[('Afghanistan', 1.0), ('Albania', 0.0), ('Albania', 0.0)]"
Asia,Nepal,0.00041908795215987667,"24,400,606",2000,"[('Afghanistan', 7169.0), ('Albania', 0.0), ('Algeria', 0.0)]","[('Afghanistan', 1.0), ('Albania', 0.0), ('Albania', 0.0)]"
Europe,Netherlands,0.6753314634197342,"15,925,513",2000,"[('Afghanistan', 1.0), ('Albania', 2.0), ('Algeria', 34.0)]","[('Afghanistan', 1.0), ('Albania', 0.0), ('Albania', 0.0)]"
Oceania,New Caledonia,0.23424471228251184,"213,230",2000,"[('Afghanistan', 0.0), ('Albania', 0.0), ('Algeria', 0.0)]","[('Afghanistan', 1.0), ('Albania', 0.0), ('Albania', 0.0)]"
Oceania,New Zealand,0.3997096790917103,"3,857,800",2000,"[('Afghanistan', 30.0), ('Albania', 0.0), ('Algeria', 0.0)]","[('Afghanistan', 1.0), ('Albania', 0.0), ('Albania', 0.0)]"
The Americas,Nicaragua,0.01779646585610828,"5,073,704",2000,"[('Afghanistan', 0.0), ('Albania', 0.0), ('Algeria', 0.0)]","[('Afghanistan', 1.0), ('Albania', 0.0), ('Albania', 0.0)]"
Africa,Niger,0.0001882366555912833,"10,922,421",2000,"[('Afghanistan', 3.0), ('Albania', 0.0), ('Algeria', 0.0)]","[('Afghanistan', 1.0), ('Albania', 0.0), ('Albania', 0.0)]"
Africa,Nigeria,0.0002425447092364324,"123,688,536",2000,"[('Afghanistan', 68.0), ('Albania', 0.0), ('Algeria', 0.0)]","[('Afghanistan', 1.0), ('Albania', 0.0), ('Albania', 0.0)]"
NA,Northern Mariana Islands,0.043839139583820436,"68,432",2000,"[('Afghanistan', 0.0), ('Albania', 0.0), ('Algeria', 0.0)]","[('Afghanistan', 1.0), ('Albania', 0.0), ('Albania', 0.0)]"
Europe,Norway,0.7178854798977592,"4,490,967",2000,"[('Afghanistan', 0.0), ('Albania', 1.0), ('Algeria', 3.0)]","[('Afghanistan', 1.0), ('Albania', 0.0), ('Albania', 0.0)]"
Middle East,Oman,0.07154961899827883,"2,264,163",2000,"[('Afghanistan', 0.0), ('Albania', 0.0), ('Algeria', 2.0)]","[('Afghanistan', 1.0), ('Albania', 0.0), ('Albania', 0.0)]"
Asia,Pakistan,0.002120733125885608,"144,522,192",2000,"[('Afghanistan', 14877.0), ('Albania', 0.0), ('Algeria', 1.0)]","[('Afghanistan', 1.0), ('Albania', 0.0), ('Albania', 0.0)]"
NA,Palau,0.0,"19,172",2000,"[('Afghanistan', 0.0), ('Albania', 0.0), ('Algeria', 0.0)]","[('Afghanistan', 1.0), ('Albania', 0.0), ('Albania', 0.0)]"
The Americas,Panama,0.13883068583680128,"2,956,126",2000,"[('Afghanistan', 0.0), ('Albania', 0.0), ('Algeria', 0.0)]","[('Afghanistan', 1.0), ('Albania', 0.0), ('Albania', 0.0)]"
Oceania,Papua New Guinea,0.0015914259325086673,"5,378,824",2000,"[('Afghanistan', 1.0), ('Albania', 0.0), ('Algeria', 0.0)]","[('Afghanistan', 1.0), ('Albania', 0.0), ('Albania', 0.0)]"
The Americas,Paraguay,0.15360793661279537,"5,343,539",2000,"[('Afghanistan', 0.0), ('Albania', 0.0), ('Algeria', 0.0)]","[('Afghanistan', 1.0), ('Albania', 0.0), ('Albania', 0.0)]"
The Americas,Peru,0.049256150566275386,"25,861,887",2000,"[('Afghanistan', 0.0), ('Albania', 0.0), ('Algeria', 0.0)]","[('Afghanistan', 1.0), ('Albania', 0.0), ('Albania', 0.0)]"
Asia,Philippines,0.08348676655072862,"77,309,965",2000,"[('Afghanistan', 0.0), ('Albania', 6.0), ('Algeria', 1.0)]","[('Afghanistan', 1.0), ('Albania', 0.0), ('Albania', 0.0)]"
Europe,Poland,0.17545749821012288,"38,453,757",2000,"[('Afghanistan', 0.0), ('Albania', 29.0), ('Algeria', 15.0)]","[('Afghanistan', 1.0), ('Albania', 0.0), ('Albania', 0.0)]"
Europe,Portugal,0.6517756592223853,"10,225,836",2000,"[('Afghanistan', 3.0), ('Albania', 0.0), ('Algeria', 78.0)]","[('Afghanistan', 1.0), ('Albania', 0.0), ('Albania', 0.0)]"
The Americas,Puerto Rico,0.3459028159570462,"3,810,605",2000,"[('Afghanistan', 0.0), ('Albania', 0.0), ('Algeria', 0.0)]","[('Afghanistan', 1.0), ('Albania', 0.0), ('Albania', 0.0)]"
Middle East,Qatar,0.20450895750452233,"590,957",2000,"[('Afghanistan', 0.0), ('Albania', 0.0), ('Algeria', 3.0)]","[('Afghanistan', 1.0), ('Albania', 0.0), ('Albania', 0.0)]"
Europe,Romania,0.11134889404794045,"22,442,971",2000,"[('Afghanistan', 4.0), ('Albania', 140.0), ('Algeria', 11.0)]","[('Afghanistan', 1.0), ('Albania', 0.0), ('Albania', 0.0)]"
Europe,Russian Federation,0.02230439567199579,"146,303,000",2000,"[('Afghanistan', 0.0), ('Albania', 41.0), ('Algeria', 244.0)]","[('Afghanistan', 1.0), ('Albania', 0.0), ('Albania', 0.0)]"
Africa,Rwanda,0.004815799378243255,"8,098,344",2000,"[('Afghanistan', 7.0), ('Albania', 0.0), ('Algeria', 0.0)]","[('Afghanistan', 1.0), ('Albania', 0.0), ('Albania', 0.0)]"
Oceania,Samoa,0.014160374740157123,"176,549",2000,"[('Afghanistan', 4.0), ('Albania', 0.0), ('Algeria', 0.0)]","[('Afghanistan', 1.0), ('Albania', 0.0), ('Albania', 0.0)]"
Europe,San Marino,0.5378054659398525,"26,967",2000,"[('Afghanistan', 0.0), ('Albania', 0.0), ('Algeria', 0.0)]","[('Afghanistan', 1.0), ('Albania', 0.0), ('Albania', 0.0)]"
Africa,Sao Tome and Principe,0.0,"141,010",2000,"[('Afghanistan', 0.0), ('Albania', 0.0), ('Algeria', 0.0)]","[('Afghanistan', 1.0), ('Albania', 0.0), ('Albania', 0.0)]"
Middle East,Saudi Arabia,0.06863866578838825,"20,045,276",2000,"[('Afghanistan', 59.0), ('Albania', 0.0), ('Algeria', 28.0)]","[('Afghanistan', 1.0), ('Albania', 0.0), ('Albania', 0.0)]"
Africa,Senegal,0.026325966019704473,"9,505,862",2000,"[('Afghanistan', 3.0), ('Albania', 0.0), ('Algeria', 0.0)]","[('Afghanistan', 1.0), ('Albania', 0.0), ('Albania', 0.0)]"
Europe,Serbia,0.0,"7,516,346",2000,"[('Afghanistan', 0.0), ('Albania', 0.0), ('Algeria', 0.0)]","[('Afghanistan', 1.0), ('Albania', 0.0), ('Albania', 0.0)]"
Africa,Seychelles,0.3199886603147995,"81,131",2000,"[('Afghanistan', 0.0), ('Albania', 0.0), ('Algeria', 0.0)]","[('Afghanistan', 1.0), ('Albania', 0.0), ('Albania', 0.0)]"
Africa,Sierra Leone,0.0028818895927339694,"4,143,115",2000,"[('Afghanistan', 0.0), ('Albania', 0.0), ('Algeria', 0.0)]","[('Afghanistan', 1.0), ('Albania', 0.0), ('Albania', 0.0)]"
Asia,Singapore,0.6820924054718339,"4,027,900",2000,"[('Afghanistan', 56.0), ('Albania', 0.0), ('Algeria', 0.0)]","[('Afghanistan', 1.0), ('Albania', 0.0), ('Albania', 0.0)]"
The Americas,Sint Maarten (Dutch part),0.0,"30,519",2000,unknown,unknown
Europe,Slovak Republic,0.23080360456657611,"5,388,720",2000,"[('Afghanistan', 2.0), ('Albania', 31.0), ('Algeria', 2.0)]","[('Afghanistan', 1.0), ('Albania', 0.0), ('Albania', 0.0)]"
Europe,Slovenia,0.6111849365863469,"1,988,925",2000,"[('Afghanistan', 0.0), ('Albania', 4.0), ('Algeria', 0.0)]","[('Afghanistan', 1.0), ('Albania', 0.0), ('Albania', 0.0)]"
Oceania,Solomon Islands,0.0028160261491637553,"408,732",2000,"[('Afghanistan', 0.0), ('Albania', 0.0), ('Algeria', 0.0)]","[('Afghanistan', 1.0), ('Albania', 0.0), ('Albania', 0.0)]"
Africa,Somalia,0.010812223705449077,"7,399,033",2000,"[('Afghanistan', 2.0), ('Albania', 0.0), ('Algeria', 5.0)]","[('Afghanistan', 1.0), ('Albania', 0.0), ('Albania', 0.0)]"
Africa,South Africa,0.18952272727272726,"44,000,000",2000,"[('Afghanistan', 101.0), ('Albania', 0.0), ('Algeria', 0.0)]","[('Afghanistan', 1.0), ('Albania', 0.0), ('Albania', 0.0)]"
Africa,South Sudan,0.0,"6,631,346",2000,unknown,unknown
Europe,Spain,0.6026607263562851,"40,263,216",2000,"[('Afghanistan', 0.0), ('Albania', 0.0), ('Algeria', 1598.0)]","[('Afghanistan', 1.0), ('Albania', 0.0), ('Albania', 0.0)]"
Asia,Sri Lanka,0.022521306669458695,"19,102,000",2000,"[('Afghanistan', 2054.0), ('Albania', 9.0), ('Algeria', 0.0)]","[('Afghanistan', 1.0), ('Albania', 0.0), ('Albania', 0.0)]"
The Americas,St. Kitts and Nevis,0.027096599376778215,"44,286",2000,"[('Afghanistan', 0.0), ('Albania', 0.0), ('Algeria', 0.0)]","[('Afghanistan', 1.0), ('Albania', 0.0), ('Albania', 0.0)]"
The Americas,St. Lucia,0.01602605195005,"155,996",2000,"[('Afghanistan', 0.0), ('Albania', 0.0), ('Algeria', 0.0)]","[('Afghanistan', 1.0), ('Albania', 0.0), ('Albania', 0.0)]"
The Americas,St. Martin (French part),0.0,"28,384",2000,unknown,unknown
The Americas,St. Vincent and the Grenadines,0.021883196930235146,"107,891",2000,"[('Afghanistan', 0.0), ('Albania', 0.0), ('Algeria', 0.0)]","[('Afghanistan', 1.0), ('Albania', 0.0), ('Albania', 0.0)]"
Africa,Sudan,0.0008346523562254161,"27,556,383",2000,"[('Afghanistan', 4.0), ('Albania', 0.0), ('Algeria', 88.0)]","[('Afghanistan', 1.0), ('Albania', 0.0), ('Albania', 0.0)]"
The Americas,Suriname,0.08792621121311953,"466,846",2000,"[('Afghanistan', 0.0), ('Albania', 0.0), ('Algeria', 0.0)]","[('Afghanistan', 1.0), ('Albania', 0.0), ('Albania', 0.0)]"
Africa,Swaziland,0.03264782788065141,"1,010,787",2000,"[('Afghanistan', 2.0), ('Albania', 0.0), ('Algeria', 0.0)]","[('Afghanistan', 1.0), ('Albania', 0.0), ('Albania', 0.0)]"
Europe,Sweden,0.718239597822795,"8,872,109",2000,"[('Afghanistan', 2.0), ('Albania', 3.0), ('Algeria', 9.0)]","[('Afghanistan', 1.0), ('Albania', 0.0), ('Albania', 0.0)]"
Europe,Switzerland,0.645651111807078,"7,184,250",2000,"[('Afghanistan', 2.0), ('Albania', 2.0), ('Algeria', 62.0)]","[('Afghanistan', 1.0), ('Albania', 0.0), ('Albania', 0.0)]"
Middle East,Syrian Arab Republic,0.001876344635474397,"15,988,534",2000,"[('Afghanistan', 1.0), ('Albania', 8.0), ('Algeria', 45.0)]","[('Afghanistan', 1.0), ('Albania', 0.0), ('Albania', 0.0)]"
Asia,Tajikistan,0.0001879209895919312,"6,172,807",2000,"[('Afghanistan', 0.0), ('Albania', 0.0), ('Algeria', 0.0)]","[('Afghanistan', 1.0), ('Albania', 0.0), ('Albania', 0.0)]"
Africa,Tanzania,0.0032468851651533113,"34,038,161",2000,"[('Afghanistan', 6.0), ('Albania', 0.0), ('Algeria', 0.0)]","[('Afghanistan', 1.0), ('Albania', 0.0), ('Albania', 0.0)]"
Asia,Thailand,0.04838886227096816,"63,155,029",2000,"[('Afghanistan', 0.0), ('Albania', 0.0), ('Algeria', 2.0)]","[('Afghanistan', 1.0), ('Albania', 0.0), ('Albania', 0.0)]"
Asia,Timor-Leste,0.0,"830,089",2000,"[('Afghanistan', 0.0), ('Albania', 0.0), ('Algeria', 0.0)]","[('Afghanistan', 1.0), ('Albania', 0.0), ('Albania', 0.0)]"
Africa,Togo,0.010430782992983839,"4,793,504",2000,"[('Afghanistan', 5.0), ('Albania', 0.0), ('Algeria', 0.0)]","[('Afghanistan', 1.0), ('Albania', 0.0), ('Albania', 0.0)]"
Oceania,Tonga,0.001837953744830755,"97,935",2000,"[('Afghanistan', 1.0), ('Albania', 0.0), ('Algeria', 0.0)]","[('Afghanistan', 1.0), ('Albania', 0.0), ('Albania', 0.0)]"
The Americas,Trinidad and Tobago,0.12527301405974034,"1,292,058",2000,"[('Afghanistan', 0.0), ('Albania', 0.0), ('Algeria', 0.0)]","[('Afghanistan', 1.0), ('Albania', 0.0), ('Albania', 0.0)]"
Africa,Tunisia,0.012460396298426308,"9,563,500",2000,"[('Afghanistan', 13.0), ('Albania', 0.0), ('Algeria', 5426.0)]","[('Afghanistan', 1.0), ('Albania', 0.0), ('Albania', 0.0)]"
Europe,Turkey,0.2535588104469077,"63,627,862",2000,"[('Afghanistan', 1.0), ('Albania', 9.0), ('Algeria', 2.0)]","[('Afghanistan', 1.0), ('Albania', 0.0), ('Albania', 0.0)]"
Asia,Turkmenistan,0.0016661412767840541,"4,501,419",2000,"[('Afghanistan', 0.0), ('Albania', 0.0), ('Algeria', 0.0)]","[('Afghanistan', 1.0), ('Albania', 0.0), ('Albania', 0.0)]"
The Americas,Turks and Caicos Islands,0.0,"18,873",2000,"[('Afghanistan', 0.0), ('Albania', 0.0), ('Algeria', 0.0)]","[('Afghanistan', 1.0), ('Albania', 0.0), ('Albania', 0.0)]"
NA,Tuvalu,0.0,"9,419",2000,"[('Afghanistan', 0.0), ('Albania', 0.0), ('Algeria', 0.0)]","[('Afghanistan', 1.0), ('Albania', 0.0), ('Albania', 0.0)]"
Africa,Uganda,0.005241497171781249,"24,213,120",2000,"[('Afghanistan', 129.0), ('Albania', 0.0), ('Algeria', 0.0)]","[('Afghanistan', 1.0), ('Albania', 0.0), ('Albania', 0.0)]"
Europe,Ukraine,0.016644837522679833,"49,175,848",2000,"[('Afghanistan', 2.0), ('Albania', 71.0), ('Algeria', 2.0)]","[('Afghanistan', 1.0), ('Albania', 0.0), ('Albania', 0.0)]"
Middle East,United Arab Emirates,0.4707826725050445,"3,033,491",2000,"[('Afghanistan', 158.0), ('Albania', 0.0), ('Algeria', 4.0)]","[('Afghanistan', 1.0), ('Albania', 0.0), ('Albania', 0.0)]"
Europe,United Kingdom,0.7378187319359469,"58,892,514",2000,"[('Afghanistan', 90.0), ('Albania', 109.0), ('Algeria', 185.0)]","[('Afghanistan', 1.0), ('Albania', 0.0), ('Albania', 0.0)]"
The Americas,United States,0.3879965109881344,"282,162,411",2000,"[('Afghanistan', 146.0), ('Albania', 16.0), ('Algeria', 27.0)]","[('Afghanistan', 1.0), ('Albania', 0.0), ('Albania', 0.0)]"
The Americas,Uruguay,0.12444896718933049,"3,300,847",2000,"[('Afghanistan', 0.0), ('Albania', 0.0), ('Algeria', 0.0)]","[('Afghanistan', 1.0), ('Albania', 0.0), ('Albania', 0.0)]"
Asia,Uzbekistan,0.002155259143867848,"24,650,400",2000,"[('Afghanistan', 0.0), ('Albania', 0.0), ('Algeria', 0.0)]","[('Afghanistan', 1.0), ('Albania', 0.0), ('Albania', 0.0)]"
Oceania,Vanuatu,0.0019721840993332396,"185,074",2000,"[('Afghanistan', 0.0), ('Albania', 0.0), ('Algeria', 0.0)]","[('Afghanistan', 1.0), ('Albania', 0.0), ('Albania', 0.0)]"
The Americas,"Venezuela, RB",0.22406202953395582,"24,311,000",2000,"[('Afghanistan', 0.0), ('Albania', 0.0), ('Algeria', 0.0)]","[('Afghanistan', 1.0), ('Albania', 0.0), ('Albania', 0.0)]"
Asia,Vietnam,0.01015779799023327,"77,630,900",2000,"[('Afghanistan', 8.0), ('Albania', 35.0), ('Algeria', 0.0)]","[('Afghanistan', 1.0), ('Albania', 0.0), ('Albania', 0.0)]"
The Americas,Virgin Islands (U.S.),0.3221679139167334,"108,639",2000,"[('Afghanistan', 0.0), ('Albania', 0.0), ('Algeria', 0.0)]","[('Afghanistan', 1.0), ('Albania', 0.0), ('Albania', 0.0)]"
NA,West Bank and Gaza,0.0023554083517800376,"3,004,150",2000,"[('Afghanistan', 0.0), ('Albania', 0.0), ('Algeria', 200.0)]","[('Afghanistan', 1.0), ('Albania', 0.0), ('Albania', 0.0)]"
Middle East,"Yemen, Rep.",0.0018079142203890428,"17,723,186",2000,"[('Afghanistan', 0.0), ('Albania', 0.0), ('Algeria', 11.0)]","[('Afghanistan', 1.0), ('Albania', 0.0), ('Albania', 0.0)]"
Africa,Zambia,0.00968998669027351,"10,201,562",2000,"[('Afghanistan', 56.0), ('Albania', 0.0), ('Algeria', 0.0)]","[('Afghanistan', 1.0), ('Albania', 0.0), ('Albania', 0.0)]"
Africa,Zimbabwe,0.021299131850196454,"12,509,477",2000,"[('Afghanistan', 8.0), ('Albania', 0.0), ('Algeria', 0.0)]","[('Afghanistan', 1.0), ('Albania', 0.0), ('Albania', 0.0)]"
